{
  "users": [
    {
      "id": 1,
      "firstname": "keval",
      "lastname": "keval",
      "email": "kevalj@cybage.com",
      "username": "keval1",
      "password": "kevalj1"
    },
    {
      "firstname": "namita",
      "lastname": "namita",
      "email": "namita@cybage.com",
      "username": "namita13k",
      "password": "Namita12",
      "id": 2
    },
    {
      "firstname": "manan",
      "lastname": "manan",
      "email": "mananso@cybage.com",
      "username": "mananso",
      "password": "Manan123",
      "id": 3
    },
    {
      "firstname": "batman",
      "lastname": "batman",
      "email": "abc@gmail.com",
      "username": "mananso12",
      "password": "1Batman1",
      "id": 4
    },
    {
      "firstname": "walter",
      "lastname": "white",
      "email": "walter@white.com",
      "username": "Walter123",
      "password": "Walter12",
      "id": 5
    },
    {
      "firstname": "Jeff",
      "lastname": "Bejoz",
      "email": "jeffu@gmail.com",
      "username": "UncleJeff",
      "password": "Flipkar1",
      "id": 6
    }
  ],
  "pics": [
    {
      "id": 1,
      "path": "/assets/images/river.jpg",
      "uploader": "namita13k",
      "imagename": "River",
      "hashtag": "#nature #mountain #river",
      "category": "Nature",
      "time": "Thu Sep 16 2021 23:57:36 GMT+0530 (India Standard Time)",
      "uid": "2"
    },
    {
      "path": "/assets/images/boat.jfif",
      "uploader": "mananso",
      "imagename": "boat",
      "hashtag": "#boat #nature",
      "category": "Nature",
      "time": "Thu Sep 16 2021 23:57:36 GMT+0530 (India Standard Time)",
      "uid": "3",
      "id": 2
    },
    {
      "path": "/assets/images/deer.jpg",
      "uploader": "namita13k",
      "imagename": "deer",
      "hashtag": "#landscap #wallpaper",
      "category": "Nature",
      "time": "Thu Sep 16 2021 23:57:36 GMT+0530 (India Standard Time)",
      "uid": "2",
      "id": 3
    },
    {
      "path": "/assets/images/deer.jpg",
      "uploader": "namita13k",
      "imagename": "Deer",
      "hashtag": "#landscap #wallpaper",
      "category": "Nature",
      "time": "Thu Sep 16 2021 23:57:36 GMT+0530 (India Standard Time)",
      "uid": "2",
      "id": 4
    },
    {
      "path": "/assets/images/food.jpg",
      "uploader": "namita13k",
      "imagename": "Yummy !!",
      "hashtag": "#food",
      "category": "Food",
      "time": "Thu Sep 16 2021 23:57:36 GMT+0530 (India Standard Time)",
      "uid": "2",
      "id": 5
    },
    {
      "path": "/assets/images/night.jpg",
      "uploader": "namita13k",
      "imagename": "Night View",
      "hashtag": "#photography",
      "category": "Nature",
      "time": "Fri Sep 17 2021 12:47:47 GMT+0530 (India Standard Time)",
      "uid": "2",
      "id": 6
    },
    {
      "path": "/assets/images/parasite.jpg",
      "uploader": "mananso",
      "imagename": "Parasite (2020)",
      "hashtag": "#academyawards #korean",
      "category": "Movies",
      "time": "Sat Sep 18 2021 23:40:12 GMT+0530 (India Standard Time)",
      "uid": "3",
      "id": 7
    },
    {
      "path": "/assets/images/fight club.jpg",
      "uploader": "mananso",
      "imagename": "Fight Club",
      "hashtag": "#1994 #bradpitt #classic",
      "category": "Movies",
      "time": "Sat Sep 18 2021 23:41:39 GMT+0530 (India Standard Time)",
      "uid": "3",
      "id": 8
    },
    {
      "path": "/assets/images/baseball.jpg",
      "uploader": "mananso",
      "imagename": "Base ball",
      "hashtag": "#baseball #sports",
      "category": "Sports",
      "time": "Sat Sep 18 2021 23:42:42 GMT+0530 (India Standard Time)",
      "uid": "3",
      "id": 9
    },
    {
      "path": "/assets/images/ROG.jpeg",
      "uploader": "mananso",
      "imagename": "Editor's Life",
      "hashtag": "#editing #asusrog",
      "category": "Tech",
      "time": "Sat Sep 18 2021 23:43:16 GMT+0530 (India Standard Time)",
      "uid": "3",
      "id": 10
    },
    {
      "path": "/assets/images/football.jpg",
      "uploader": "Walter123",
      "imagename": "Foot Ball",
      "hashtag": "#football #championship #2020",
      "category": "Sports",
      "time": "Sat Sep 18 2021 23:45:50 GMT+0530 (India Standard Time)",
      "uid": "5",
      "id": 11
    },
    {
      "path": "/assets/images/sophia AI.jpg",
      "uploader": "Walter123",
      "imagename": "Sophia Ai",
      "hashtag": "#sophia #ai #future",
      "category": "Tech",
      "time": "Sat Sep 18 2021 23:46:28 GMT+0530 (India Standard Time)",
      "uid": "5",
      "id": 12
    },
    {
      "path": "/assets/images/Tacos.jpg",
      "uploader": "Walter123",
      "imagename": "Tacos",
      "hashtag": "#tacos #fastfood",
      "category": "Food",
      "time": "Sat Sep 18 2021 23:46:58 GMT+0530 (India Standard Time)",
      "uid": "5",
      "id": 13
    },
    {
      "path": "/assets/images/dark.jpg",
      "uploader": "Walter123",
      "imagename": "Dark ",
      "hashtag": "#german #netflix ",
      "category": "Movies",
      "time": "Sat Sep 18 2021 23:48:15 GMT+0530 (India Standard Time)",
      "uid": "5",
      "id": 14
    },
    {
      "path": "/assets/images/pizza.png",
      "uploader": "mananso",
      "imagename": "Pizza",
      "hashtag": "#pizaa #party ",
      "category": "Food",
      "time": "Sat Sep 18 2021 23:48:53 GMT+0530 (India Standard Time)",
      "uid": "3",
      "id": 15
    },
    {
      "path": "/assets/images/healthy-fast-food.jpg",
      "uploader": "mananso",
      "imagename": "Balanced Food",
      "hashtag": "#healthy #balance",
      "category": "Food",
      "time": "Sat Sep 18 2021 23:49:25 GMT+0530 (India Standard Time)",
      "uid": "3",
      "id": 16
    },
    {
      "path": "/assets/images/flatten.jfif",
      "uploader": "namita13k",
      "imagename": "Treat !!",
      "hashtag": "#burger #fries ",
      "category": "Food",
      "time": "Sat Sep 18 2021 23:51:51 GMT+0530 (India Standard Time)",
      "uid": "2",
      "id": 17
    },
    {
      "path": "/assets/images/inside out.jpg",
      "uploader": "namita13k",
      "imagename": "Inside Out",
      "hashtag": "#pixar #academy ",
      "category": "Movies",
      "time": "Sat Sep 18 2021 23:52:38 GMT+0530 (India Standard Time)",
      "uid": "2",
      "id": 18
    },
    {
      "path": "/assets/images/deer.jpg",
      "uploader": "mananso",
      "imagename": "Night View",
      "hashtag": "#photography",
      "category": "Nature",
      "time": "Sun Sep 19 2021 10:55:07 GMT+0530 (India Standard Time)",
      "uid": "3",
      "id": 19
    },
    {
      "path": "/assets/images/ROG.jpeg",
      "uploader": "mananso",
      "imagename": "Asus ROG",
      "hashtag": "#tech",
      "category": "Tech",
      "time": "Sun Sep 19 2021 12:48:25 GMT+0530 (India Standard Time)",
      "uid": "3",
      "id": 20
    }
  ],
  "likes": [
    {
      "imageid": "1",
      "imageowner": "namita13k",
      "imagename": "River",
      "lname": "mananso",
      "time": "Sun Sep 19 2021 13:35:04 GMT+0530 (India Standard Time)",
      "like": "true",
      "id": 1
    },
    {
      "imageid": "3",
      "imageowner": "namita13k",
      "imagename": "deer",
      "lname": "mananso",
      "time": "Sat Sep 18 2021 20:21:26 GMT+0530 (India Standard Time)",
      "like": "true",
      "id": 2
    },
    {
      "imageid": "2",
      "imageowner": "mananso",
      "imagename": "boat",
      "lname": "namita13k",
      "time": "Sat Sep 18 2021 21:00:11 GMT+0530 (India Standard Time)",
      "like": "true",
      "id": 3
    },
    {
      "imageid": "19",
      "imageowner": "mananso",
      "imagename": "Night View",
      "lname": "mananso",
      "time": "Sun Sep 19 2021 10:55:26 GMT+0530 (India Standard Time)",
      "like": "true",
      "id": 4
    },
    {
      "imageid": "8",
      "imageowner": "mananso",
      "imagename": "Fight Club",
      "lname": "mananso",
      "time": "Sun Sep 19 2021 12:45:46 GMT+0530 (India Standard Time)",
      "like": "true",
      "id": 5
    }
  ],
  "comment": [
    {
      "id": 1,
      "cname": "mananso",
      "imageid": "1",
      "imageowner": "namita13k",
      "imagename": "River",
      "comment": "awesome",
      "time": "Fri Sep 17 2021 12:52:46 GMT+0530 (India Standard Time)"
    },
    {
      "cname": "mananso",
      "imageid": "3",
      "imageowner": "namita13k",
      "imagename": "deer",
      "comment": "nice pic",
      "time": "Sat Sep 18 2021 20:21:37 GMT+0530 (India Standard Time)",
      "id": 2
    },
    {
      "cname": "namita13k",
      "imageid": "2",
      "imageowner": "mananso",
      "imagename": "boat",
      "comment": "nice view !",
      "time": "Sat Sep 18 2021 21:00:29 GMT+0530 (India Standard Time)",
      "id": 3
    },
    {
      "cname": "mananso",
      "imageid": "19",
      "imageowner": "mananso",
      "imagename": "Night View",
      "comment": "hii",
      "time": "Sun Sep 19 2021 10:55:33 GMT+0530 (India Standard Time)",
      "id": 4
    },
    {
      "cname": "mananso",
      "imageid": "8",
      "imageowner": "mananso",
      "imagename": "Fight Club",
      "comment": "cult classic !",
      "time": "Sun Sep 19 2021 12:47:02 GMT+0530 (India Standard Time)",
      "id": 5
    }
  ],
  "download": [
    {
      "id": 1,
      "downloader": "namita13k",
      "imageid": "1",
      "imageowner": "namita13k",
      "imagename": "River",
      "time": "Fri Sep 17 2021 12:58:23 GMT+0530 (India Standard Time)"
    },
    {
      "downloader": "mananso",
      "imageid": "2",
      "imageowner": "mananso",
      "imagename": "boat",
      "time": "Sat Sep 18 2021 22:41:10 GMT+0530 (India Standard Time)",
      "id": 2
    },
    {
      "downloader": "mananso",
      "imageid": "3",
      "imageowner": "namita13k",
      "imagename": "deer",
      "time": "Sat Sep 18 2021 22:44:02 GMT+0530 (India Standard Time)",
      "id": 3
    },
    {
      "downloader": "mananso",
      "imageid": "19",
      "imageowner": "mananso",
      "imagename": "Night View",
      "time": "Sun Sep 19 2021 10:55:28 GMT+0530 (India Standard Time)",
      "id": 4
    },
    {
      "downloader": "mananso",
      "imageid": "8",
      "imageowner": "mananso",
      "imagename": "Fight Club",
      "time": "Sun Sep 19 2021 12:45:49 GMT+0530 (India Standard Time)",
      "id": 5
    },
    {
      "downloader": "mananso",
      "imageid": "8",
      "imageowner": "mananso",
      "imagename": "Fight Club",
      "time": "Sun Sep 19 2021 12:45:57 GMT+0530 (India Standard Time)",
      "id": 6
    },
    {
      "downloader": "mananso",
      "imageid": "8",
      "imageowner": "mananso",
      "imagename": "Fight Club",
      "time": "Sun Sep 19 2021 12:46:00 GMT+0530 (India Standard Time)",
      "id": 7
    },
    {
      "downloader": "mananso",
      "imageid": "8",
      "imageowner": "mananso",
      "imagename": "Fight Club",
      "time": "Sun Sep 19 2021 12:46:40 GMT+0530 (India Standard Time)",
      "id": 8
    },
    {
      "downloader": "mananso",
      "imageid": "1",
      "imageowner": "namita13k",
      "imagename": "River",
      "time": "Sun Sep 19 2021 13:36:05 GMT+0530 (India Standard Time)",
      "id": 9
    },
    {
      "downloader": "mananso",
      "imageid": "1",
      "imageowner": "namita13k",
      "imagename": "River",
      "time": "Sun Sep 19 2021 13:36:09 GMT+0530 (India Standard Time)",
      "id": 10
    }
  ]
}