{
  "users": [
    {
      "id": 1,
      "firstname": "keval",
      "lastname": "keval",
      "email": "kevalj@cybage.com",
      "username": "keval1",
      "password": "kevalj1"
    },
    {
      "firstname": "namita",
      "lastname": "namita",
      "email": "namita@cybage.com",
      "username": "namita13k",
      "password": "Namit@12",
      "id": 2
    },
    {
      "firstname": "manan",
      "lastname": "manan",
      "email": "mananso@cybage.com",
      "username": "mananso",
      "password": "Manan123",
      "id": 3
    },
    {
      "firstname": "batman",
      "lastname": "batman",
      "email": "abc@gmail.com",
      "username": "mananso12",
      "password": "1Batman1",
      "id": 4
    }
  ],
  "pics": [
    {
      "id": 1,
      "path": "/assets/images/river.jpg",
      "uploader": "namita13k",
      "imagename": "River",
      "hashtag": "#nature #mountain #river",
      "category": "Nature",
      "time": "Thu Sep 16 2021 23:57:36 GMT+0530 (India Standard Time)",
      "uid": "2"
    },
    {
      "path": "/assets/images/boat.jfif",
      "uploader": "mananso",
      "imagename": "boat",
      "hashtag": "#boat #nature",
      "category": "Nature",
      "time": "Thu Sep 16 2021 23:57:36 GMT+0530 (India Standard Time)",
      "uid": "3",
      "id": 2
    },
    {
      "path": "/assets/images/deer.jpg",
      "uploader": "namita13k",
      "imagename": "deer",
      "hashtag": "#landscap #wallpaper",
      "category": "Nature",
      "time": "Thu Sep 16 2021 23:57:36 GMT+0530 (India Standard Time)",
      "uid": "2",
      "id": 3
    },
    {
      "path": "/assets/images/deer.jpg",
      "uploader": "namita13k",
      "imagename": "Deer",
      "hashtag": "#landscap #wallpaper",
      "category": "Nature",
      "time": "Thu Sep 16 2021 23:57:36 GMT+0530 (India Standard Time)",
      "uid": "2",
      "id": 4
    },
    {
      "path": "/assets/images/food.jpg",
      "uploader": "namita13k",
      "imagename": "Yummy !!",
      "hashtag": "#food",
      "category": "Food",
      "time": "Thu Sep 16 2021 23:57:36 GMT+0530 (India Standard Time)",
      "uid": "2",
      "id": 5
    },
    {
      "path": "/assets/images/night.jpg",
      "uploader": "namita13k",
      "imagename": "Night View",
      "hashtag": "#photography",
      "category": "Nature",
      "time": "Fri Sep 17 2021 12:47:47 GMT+0530 (India Standard Time)",
      "uid": "2",
      "id": 6
    }
  ],
  "likes": [
    {
      "imageid": "1",
      "imageowner": "namita13k",
      "imagename": "River",
      "lname": "mananso",
      "time": "Thu Sep 16 2021 23:57:36 GMT+0530 (India Standard Time)",
      "like": "true",
      "id": 1
    },
    {
      "imageid": "1",
      "imageowner": "namita13k",
      "imagename": "River",
      "lname": "namita13k",
      "time": "Fri Sep 17 2021 12:52:46 GMT+0530 (India Standard Time)",
      "like": "true",
      "id": 2
    },
    {
      "imageid": "6",
      "imageowner": "namita13k",
      "tag": "#photography",
      "lname": "namita13k",
      "time": "Fri Sep 17 2021 15:22:31 GMT+0530 (India Standard Time)",
      "like": "true",
      "id": 3
    }
  ],
  "comment": [
    {
      "id": 1,
      "cname": "mananso",
      "imageid": "1",
      "imageowner": "namita13k",
      "imagename": "River",
      "comment": "awesome",
      "time": "Fri Sep 17 2021 12:52:46 GMT+0530 (India Standard Time)"
    },
    {
      "cname": "namita13k",
      "imageid": "1",
      "imageowner": "namita13k",
      "imagename": "River",
      "comment": "nice",
      "time": "Fri Sep 17 2021 12:58:23 GMT+0530 (India Standard Time)",
      "id": 2
    },
    {
      "cname": "namita13k",
      "imageid": "6",
      "comment": "Nice pice",
      "id": 3
    },
    {
      "cname": "namita13k",
      "imageid": "6",
      "imageowner": "namita13k",
      "imagename": "Night View",
      "comment": "Msst h",
      "time": "Fri Sep 17 2021 15:26:53 GMT+0530 (India Standard Time)",
      "id": 4
    },
    {
      "cname": "",
      "imageid": "1",
      "imageowner": "namita13k",
      "imagename": "River",
      "comment": "hello",
      "time": "Fri Sep 17 2021 18:14:58 GMT+0530 (India Standard Time)",
      "id": 5
    }
  ],
  "download": [
    {
      "id": 1,
      "downloader": "namita13k",
      "imagename": "River",
      "time": "Fri Sep 17 2021 12:58:23 GMT+0530 (India Standard Time)"
    },
    {
      "downloader": "namita13k",
      "imagename": "River",
      "time": "Fri Sep 17 2021 13:03:15 GMT+0530 (India Standard Time)",
      "id": 2
    },
    {
      "downloader": "namita13k",
      "imagename": "Night View",
      "time": "Fri Sep 17 2021 14:08:27 GMT+0530 (India Standard Time)",
      "id": 3
    },
    {
      "downloader": "namita13k",
      "imagename": "Night View",
      "time": "Fri Sep 17 2021 14:08:42 GMT+0530 (India Standard Time)",
      "id": 4
    },
    {
      "downloader": "namita13k",
      "imagename": "Deer",
      "time": "Fri Sep 17 2021 14:26:52 GMT+0530 (India Standard Time)",
      "id": 5
    },
    {
      "downloader": "mananso",
      "imagename": "Yummy !!",
      "time": "Fri Sep 17 2021 14:29:05 GMT+0530 (India Standard Time)",
      "id": 6
    },
    {
      "downloader": "namita13k",
      "imagename": "Night View",
      "time": "Fri Sep 17 2021 15:26:57 GMT+0530 (India Standard Time)",
      "id": 7
    }
  ]
}